{
  "grokking_epoch": 2767,
  "z_thresh": 2.0,
  "beta_z": 0.9,
  "base_wd": 0.1,
  "seed": 4096,
  "max_dynamic_wd": 0.9890523968976578,
  "max_z_score": 2.889052396897658
}