{
  "grokking_epoch": 4934,
  "z_thresh": 2.0,
  "beta_z": 0.9,
  "base_wd": 0.1,
  "seed": 42,
  "max_dynamic_wd": 0.959030550925735,
  "max_z_score": 2.859030550925735
}