{
  "grokking_epoch": 4665,
  "z_thresh": 2.0,
  "beta_z": 0.9,
  "base_wd": 0.1,
  "seed": 123,
  "max_dynamic_wd": 0.8169315491553516,
  "max_z_score": 2.7169315491553516
}