{
  "grokking_epoch": 3550,
  "z_thresh": 2.0,
  "beta_z": 0.9,
  "base_wd": 0.1,
  "seed": 9999,
  "max_dynamic_wd": 0.8325794490727579,
  "max_z_score": 2.732579449072758
}