{
  "grokking_epoch": 4055,
  "z_thresh": 2.0,
  "beta_z": 0.9,
  "base_wd": 0.1,
  "seed": 3141,
  "max_dynamic_wd": 0.8733474393903599,
  "max_z_score": 2.77334743939036
}