{
  "grokking_epoch": 5111,
  "z_thresh": 2.0,
  "beta_z": 0.9,
  "base_wd": 0.1,
  "seed": 123,
  "max_dynamic_wd": 0.9406337376703914,
  "max_z_score": 2.8406337376703914
}