{
  "grokking_epoch": 4179,
  "z_thresh": 2.0,
  "beta_z": 0.9,
  "base_wd": 0.1,
  "seed": 512,
  "max_dynamic_wd": 1.0693672211448115,
  "max_z_score": 2.9693672211448114
}