{
  "grokking_epoch": 4707,
  "z_thresh": 2.0,
  "beta_z": 0.9,
  "base_wd": 0.1,
  "seed": 256,
  "max_dynamic_wd": 0.8642497650887132,
  "max_z_score": 2.7642497650887132
}