{
  "grokking_epoch": 4655,
  "z_thresh": 2.0,
  "beta_z": 0.9,
  "base_wd": 0.1,
  "seed": 1024,
  "max_dynamic_wd": 0.8506610260174216,
  "max_z_score": 2.7506610260174216
}