{
  "grokking_epoch": 3969,
  "z_thresh": 2.0,
  "beta_z": 0.9,
  "base_wd": 0.1,
  "seed": 2048,
  "max_dynamic_wd": 0.9535322839433887,
  "max_z_score": 2.8535322839433888
}