{
  "grokking_epoch": 3604,
  "z_thresh": 2.0,
  "beta_z": 0.9,
  "base_wd": 0.1,
  "seed": 1024,
  "max_dynamic_wd": 0.8521454220107486,
  "max_z_score": 2.7521454220107486
}